{
	"results": {
		"CameraError": {
			"1": {
				"missed": false,
				"time": 0.433333333333333
			},
			"2": {
				"missed": true,
				"time": 0
			},
			"3": {
				"missed": true,
				"time": 0
			},
			"4": {
				"missed": true,
				"time": 0
			},
			"5": {
				"missed": true,
				"time": 0
			},
			"6": {
				"missed": true,
				"time": 0
			},
			"7": {
				"missed": true,
				"time": 0
			}
		},
		"FlightError": {
			"1": {
				"missed": true,
				"time": 0
			},
			"2": {
				"missed": true,
				"time": 0
			},
			"3": {
				"missed": true,
				"time": 0
			},
			"4": {
				"missed": true,
				"time": 0
			},
			"5": {
				"missed": true,
				"time": 0
			},
			"6": {
				"missed": true,
				"time": 0
			},
			"7": {
				"missed": true,
				"time": 0
			}
		},
		"HardwareError": {
			"1": {
				"missed": false,
				"time": 0.833333333333333
			},
			"2": {
				"missed": true,
				"time": 0
			},
			"3": {
				"missed": true,
				"time": 0
			},
			"4": {
				"missed": true,
				"time": 0
			},
			"5": {
				"missed": true,
				"time": 0
			},
			"6": {
				"missed": true,
				"time": 0
			},
			"7": {
				"missed": true,
				"time": 0
			}
		}
	},
	"userinfo": {
		"age": 1,
		"droneautoexp": 1,
		"droneexp": 3,
		"id": "3680461316"
	}
}
{
	"FalsePositives": {
		"FalsePositives": {
			"CameraError": 2,
			"FlightError": 3,
			"HardwareError": 2
		}
	}
}
