{
	"reactive_results": {
		"ObjectsMissed": {
			"rows": 0,
			"structures": 0
		}
	},
	"results": {
		"CameraError": {
			"1": {
				"missed": true,
				"time": 0
			},
			"2": {
				"missed": true,
				"time": 0
			},
			"3": {
				"missed": true,
				"time": 0
			},
			"4": {
				"missed": true,
				"time": 0
			},
			"5": {
				"missed": true,
				"time": 0
			},
			"6": {
				"missed": true,
				"time": 0
			},
			"7": {
				"missed": true,
				"time": 0
			}
		},
		"FlightError": {
			"1": {
				"missed": false,
				"time": 3.03333333333333
			},
			"2": {
				"missed": true,
				"time": 0
			},
			"3": {
				"missed": true,
				"time": 0
			},
			"4": {
				"missed": true,
				"time": 0
			},
			"5": {
				"missed": true,
				"time": 0
			},
			"6": {
				"missed": true,
				"time": 0
			},
			"7": {
				"missed": true,
				"time": 0
			}
		},
		"HardwareError": {
			"1": {
				"missed": false,
				"time": 4.63333333333333
			},
			"2": {
				"missed": true,
				"time": 0
			},
			"3": {
				"missed": true,
				"time": 0
			},
			"4": {
				"missed": true,
				"time": 0
			},
			"5": {
				"missed": true,
				"time": 0
			},
			"6": {
				"missed": false,
				"time": 1.93333333333334
			},
			"7": {
				"missed": true,
				"time": 0
			}
		}
	},
	"userinfo": {
		"age": 1,
		"droneautoexp": 1,
		"droneexp": 2,
		"id": "3680461316"
	}
}
{
	"FalsePositives": {
		"FalsePositives": {
			"CameraError": 8,
			"FlightError": 7,
			"HardwareError": 6
		}
	}
}
