{
	"reactive_results": {
		"ObjectsMissed": {
			"rows": 1,
			"structures": 2
		}
	},
	"results": {
		"CameraError": {
			"1": {
				"missed": true,
				"time": 0
			},
			"2": {
				"missed": true,
				"time": 0
			},
			"3": {
				"missed": true,
				"time": 0
			},
			"4": {
				"missed": true,
				"time": 0
			},
			"5": {
				"missed": true,
				"time": 0
			},
			"6": {
				"missed": true,
				"time": 0
			},
			"7": {
				"missed": true,
				"time": 0
			}
		},
		"FlightError": {
			"1": {
				"missed": true,
				"time": 0
			},
			"2": {
				"missed": true,
				"time": 0
			},
			"3": {
				"missed": true,
				"time": 0
			},
			"4": {
				"missed": true,
				"time": 0
			},
			"5": {
				"missed": true,
				"time": 0
			},
			"6": {
				"missed": true,
				"time": 0
			},
			"7": {
				"missed": true,
				"time": 0
			}
		},
		"HardwareError": {
			"1": {
				"missed": true,
				"time": 0
			},
			"2": {
				"missed": true,
				"time": 0
			},
			"3": {
				"missed": true,
				"time": 0
			},
			"4": {
				"missed": true,
				"time": 0
			},
			"5": {
				"missed": true,
				"time": 0
			},
			"6": {
				"missed": true,
				"time": 0
			},
			"7": {
				"missed": true,
				"time": 0
			}
		}
	},
	"FalsePositives": {
		"CameraError": 2,
		"FlightError": 1,
		"HardwareError": 3
	},
	"userinfo": {
		"age": 3,
		"droneautoexp": 2,
		"droneexp": 2,
		"id": "584762407"
	}
}
